client_email,role,email,name,pass,phone,sex,marital_status
admin@qorbital.com,AD,admin@qorbital.com,QOrbital admin,pass@123,+1650877006,ML,NM
admin@qorbital.com,HR,hr@qorbital.com,QOrbital hr,pass@123,+1650877006,ML,NM
admin@qorbital.com,PM,pm@qorbital.com,QOrbital project manager,pass@123,+1650877006,ML,NM
admin@avesha.com,AD,admin@avesha.com,Avesha admin,pass@123,+1650877006,ML,NM
admin@avesha.com,HR,hr@avesha.com,Avesha hr,pass@123,+1650877006,ML,NM
admin@avesha.com,PM,pm@avesha.com,Avesha project manager,pass@123,+1650877006,ML,NM
admin@examiner.com,AD,admin@examiner.com,Lion,pass@123,207-820-2998,ML,NM
admin@examiner.com,HR,hr1@examiner.com,Hewitt,pass@123,668-396-1935,ML,NM
admin@examiner.com,PM,pm1@examiner.com,Annie,pass@123,481-295-9070,ML,NM
admin@examiner.com,HR,hr2@examiner.com,Roberta,pass@123,365-850-7154,ML,NM
admin@examiner.com,PM,pm2@examiner.com,Ashlen,pass@123,617-378-4833,ML,NM
admin@sogou.com,AD,admin@sogou.com,Nappy,pass@123,417-406-9505,ML,NM
admin@sogou.com,HR,hr1@sogou.com,Bonita,pass@123,265-231-5756,ML,NM
admin@sogou.com,PM,pm1@sogou.com,Matthiew,pass@123,640-565-8781,ML,NM
admin@sogou.com,HR,hr2@sogou.com,Aluino,pass@123,702-743-1845,ML,NM
admin@sogou.com,PM,pm2@sogou.com,Darrel,pass@123,425-888-5621,ML,NM
admin@odnoklassniki.co,AD,admin@odnoklassniki.co,Gayleen,pass@123,362-169-2004,ML,NM
admin@odnoklassniki.co,HR,hr1@odnoklassniki.co,Janeta,pass@123,951-448-2247,ML,NM
admin@odnoklassniki.co,PM,pm1@odnoklassniki.co,Bride,pass@123,949-471-9932,ML,NM
admin@odnoklassniki.co,HR,hr2@odnoklassniki.co,Joane,pass@123,357-409-5713,ML,NM
admin@odnoklassniki.co,PM,pm2@odnoklassniki.co,Dietrich,pass@123,819-189-1348,ML,NM
admin@amazon.co.jp,AD,admin@amazon.co.jp,Tuckie,pass@123,650-561-8502,ML,NM
admin@amazon.co.jp,HR,hr1@amazon.co.jp,Barb,pass@123,128-492-9556,ML,NM
admin@amazon.co.jp,PM,pm1@amazon.co.jp,Paulie,pass@123,855-147-8805,ML,NM
admin@amazon.co.jp,HR,hr2@amazon.co.jp,Betsy,pass@123,327-522-4993,ML,NM
admin@amazon.co.jp,PM,pm2@amazon.co.jp,Dolph,pass@123,893-791-8461,ML,NM
admin@apache.org,AD,admin@apache.org,Reiko,pass@123,578-936-9364,ML,NM
admin@apache.org,HR,hr1@apache.org,Jarrid,pass@123,348-872-9091,ML,NM
admin@apache.org,PM,pm1@apache.org,Barnard,pass@123,538-294-4698,ML,NM
admin@apache.org,HR,hr2@apache.org,Honoria,pass@123,400-531-7756,ML,NM
admin@apache.org,PM,pm2@apache.org,Darb,pass@123,236-807-4529,ML,NM
admin@weibo.com,AD,admin@weibo.com,Willi,pass@123,915-302-3939,ML,NM
admin@weibo.com,HR,hr1@weibo.com,Margette,pass@123,161-890-3488,ML,NM
admin@weibo.com,PM,pm1@weibo.com,Winona,pass@123,102-883-8183,ML,NM
admin@weibo.com,HR,hr2@weibo.com,Audi,pass@123,594-884-9885,ML,NM
admin@weibo.com,PM,pm2@weibo.com,Aguie,pass@123,798-166-8742,ML,NM
admin@mail.co,AD,admin@mail.co,Edgard,pass@123,421-625-5238,ML,NM
admin@mail.co,HR,hr1@mail.co,Cristal,pass@123,406-413-3711,ML,NM
admin@mail.co,PM,pm1@mail.co,Myrtice,pass@123,900-609-4349,ML,NM
admin@mail.co,HR,hr2@mail.co,William,pass@123,776-833-4429,ML,NM
admin@mail.co,PM,pm2@mail.co,Charil,pass@123,120-986-9656,ML,NM
admin@pen.io,AD,admin@pen.io,Temple,pass@123,611-470-6433,ML,NM
admin@pen.io,HR,hr1@pen.io,Milli,pass@123,507-554-4580,ML,NM
admin@pen.io,PM,pm1@pen.io,Devina,pass@123,492-467-0936,ML,NM
admin@pen.io,HR,hr2@pen.io,Torrin,pass@123,330-348-5139,ML,NM
admin@pen.io,PM,pm2@pen.io,Barr,pass@123,747-208-5585,ML,NM
admin@parallels.com,AD,admin@parallels.com,Elwood,pass@123,688-105-8221,ML,NM
admin@parallels.com,HR,hr1@parallels.com,Renard,pass@123,863-961-7428,ML,NM
admin@parallels.com,PM,pm1@parallels.com,Tom,pass@123,701-973-2399,ML,NM
admin@parallels.com,HR,hr2@parallels.com,Ulrich,pass@123,627-339-9957,ML,NM
admin@parallels.com,PM,pm2@parallels.com,Tiffi,pass@123,152-771-0793,ML,NM
admin@vistaprint.com,AD,admin@vistaprint.com,Yvonne,pass@123,669-783-9562,ML,NM
admin@vistaprint.com,HR,hr1@vistaprint.com,Umberto,pass@123,607-370-9986,ML,NM
admin@vistaprint.com,PM,pm1@vistaprint.com,Terrie,pass@123,478-929-9970,ML,NM
admin@vistaprint.com,HR,hr2@vistaprint.com,Oswald,pass@123,211-761-6176,ML,NM
admin@vistaprint.com,PM,pm2@vistaprint.com,Winnie,pass@123,586-834-2612,ML,NM